topic;url;views;answers;votes
Is 'detached HEAD' state good;/questions/56363904/is-detached-head-state-good;2;0;0
View Controller open from AppDelegate (from Universal Link) don't have the navigation controller;/questions/56363727/view-controller-open-from-appdelegate-from-universal-link-dont-have-the-navig;8;1;1
"What does java.lang.NoSuchMethodError: No virtual method fetchProvidersForEmail(Ljava/lang/String;)Lcom/google/android/gms/tasks/Task; mean?";/questions/56363901/what-does-java-lang-nosuchmethoderror-no-virtual-method-fetchprovidersforemail;2;0;0
How to import excel relationship matrix to Neo4j?;/questions/56363900/how-to-import-excel-relationship-matrix-to-neo4j;2;0;0
Call to undefined method Maatwebsite\Excel\Excel::create() in Laravel 5.8;/questions/56363224/call-to-undefined-method-maatwebsite-excel-excelcreate-in-laravel-5-8;7;1;0
How to get the URL of any app for deep/universal linking?;/questions/56363894/how-to-get-the-url-of-any-app-for-deep-universal-linking;2;0;0
Google Sheets - How to send e-mail notification when cell value is less than a value in a referenced cell?;/questions/56363893/google-sheets-how-to-send-e-mail-notification-when-cell-value-is-less-than-a-v;3;0;0
how to use selenium in AWS sagemaker?;/questions/56363892/how-to-use-selenium-in-aws-sagemaker;2;0;0
Build request with IP address;/questions/56363889/build-request-with-ip-address;4;0;0
Flyway and gradle kotlin dsl;/questions/56363888/flyway-and-gradle-kotlin-dsl;3;0;0
Cannot access admin panel after setting up django-oauth-toolkit;/questions/56363885/cannot-access-admin-panel-after-setting-up-django-oauth-toolkit;2;0;0
How to forward Kafka Headers of aggregated Exchanges?;/questions/56363673/how-to-forward-kafka-headers-of-aggregated-exchanges;4;0;0
How to connect to remote repository using svn+ssh:// on Ubuntu system;/questions/56363882/how-to-connect-to-remote-repository-using-svnssh-on-ubuntu-system;2;0;0
“Must declare Scalar Variably @ClaimNUm” error from application;/questions/56363880/must-declare-scalar-variably-claimnum-error-from-application;4;0;0
Inconsistent behavior from ServicePointManager.SetTcpKeepAlive;/questions/56358776/inconsistent-behavior-from-servicepointmanager-settcpkeepalive;5;0;0
CMD batch file to delete a file if not found in list from text txt file;/questions/56363877/cmd-batch-file-to-delete-a-file-if-not-found-in-list-from-text-txt-file;2;0;0
How to draw an agm-polygon with agm-core?;/questions/56363875/how-to-draw-an-agm-polygon-with-agm-core;3;0;0
TYPO3 Fluid - Exit a for loop;/questions/56363874/typo3-fluid-exit-a-for-loop;2;0;0
Filter with set.has doesn't work as expected;/questions/56363813/filter-with-set-has-doesnt-work-as-expected;20;1;0
tm_polygon not plotting data column;/questions/56363867/tm-polygon-not-plotting-data-column;3;0;0
simplify json structure from api response;/questions/56363801/simplify-json-structure-from-api-response;11;0;0
Bitbucket Pipeline is supported in AWS china region?;/questions/56040618/bitbucket-pipeline-is-supported-in-aws-china-region;14;1;0
Turtle bgpic() not displaying image and giving me these error messages…?;/questions/56363862/turtle-bgpic-not-displaying-image-and-giving-me-these-error-messages;4;0;0
Create a list in an mongo model of a express/mongo API;/questions/56363861/create-a-list-in-an-mongo-model-of-a-express-mongo-api;4;0;0
How to loop trough $$state object with angular to populate a dropdown list;/questions/56363241/how-to-loop-trough-state-object-with-angular-to-populate-a-dropdown-list;12;0;0
Midpoint between multiple heading values;/questions/56363859/midpoint-between-multiple-heading-values;6;0;0
Fxml webview load other url when button press;/questions/56363858/fxml-webview-load-other-url-when-button-press;5;0;0
Dynamic image height and width in html emails in Outlook;/questions/56363560/dynamic-image-height-and-width-in-html-emails-in-outlook;6;0;0
FFMpeg - How to apply a scene select filter on an area of the frames;/questions/56363854/ffmpeg-how-to-apply-a-scene-select-filter-on-an-area-of-the-frames;2;0;0
How to replicate a SFTP directory?;/questions/56363853/how-to-replicate-a-sftp-directory;2;0;0
How to check if a directory contains a specific folder and its specific sub-folder?;/questions/56363851/how-to-check-if-a-directory-contains-a-specific-folder-and-its-specific-sub-fold;4;0;0
Token authentication for CURL in EXCEL VBA;/questions/56363850/token-authentication-for-curl-in-excel-vba;4;0;0
Hyperledger Fabric Go SDK: How to parse blocks;/questions/56363848/hyperledger-fabric-go-sdk-how-to-parse-blocks;4;0;0
Can I set target VM in azure powershell when adding inbound nat rule?;/questions/56363847/can-i-set-target-vm-in-azure-powershell-when-adding-inbound-nat-rule;3;0;0
Can a sequential always block be triggered by a short pulse from a combi block;/questions/56363846/can-a-sequential-always-block-be-triggered-by-a-short-pulse-from-a-combi-block;3;0;0
Getting text search relevance scores out of ArangoDB?;/questions/56363845/getting-text-search-relevance-scores-out-of-arangodb;2;0;0
Android Spinner Data setSelection Item Mismatching the Position;/questions/56363842/android-spinner-data-setselection-item-mismatching-the-position;3;0;0
how to stop puppeteer-recorder recording;/questions/56363838/how-to-stop-puppeteer-recorder-recording;5;0;0
How can I write in Google Sheets my Firebase data?;/questions/56361750/how-can-i-write-in-google-sheets-my-firebase-data;17;1;0
Jest expect.assertions() method failing on async function;/questions/56363833/jest-expect-assertions-method-failing-on-async-function;3;0;0
Crossword generator in Prolog;/questions/55776977/crossword-generator-in-prolog;20;0;0
Appium desktop app test throws element could not be located exception, but passes when the app is launched before the test runs;/questions/56363713/appium-desktop-app-test-throws-element-could-not-be-located-exception-but-passe;4;0;0
Change authentication order GNU/Linux;/questions/56363820/change-authentication-order-gnu-linux;4;0;0
Jenkins pipeline: read/write/commit properties file;/questions/56363811/jenkins-pipeline-read-write-commit-properties-file;3;0;0
Java Spring with thymeleaf checkbox non checked is Empty instead of false;/questions/56363810/java-spring-with-thymeleaf-checkbox-non-checked-is-empty-instead-of-false;4;0;0
How to create a new clock trigger on another document;/questions/56363808/how-to-create-a-new-clock-trigger-on-another-document;4;0;0
Asp.net MVC Force update of javascript file in a bundle;/questions/56363419/asp-net-mvc-force-update-of-javascript-file-in-a-bundle;16;1;1
Multiple criteria within a single SHOULD query block;/questions/56363798/multiple-criteria-within-a-single-should-query-block;7;0;1
SignalR hub resolves to null inside RabbitMQ subscription handler in ASP.NET Core;/questions/56360983/signalr-hub-resolves-to-null-inside-rabbitmq-subscription-handler-in-asp-net-cor;15;0;0
How to select the Google search bar using Javascript;/questions/56346257/how-to-select-the-google-search-bar-using-javascript;26;1;1
Travis build is hanging waiting for user input (To install angular);/questions/56363203/travis-build-is-hanging-waiting-for-user-input-to-install-angular;6;0;1
Starting position for replace function in db2;/questions/56363326/starting-position-for-replace-function-in-db2;15;1;0
How to set environment variables for different domains in one docker-compose file;/questions/56363785/how-to-set-environment-variables-for-different-domains-in-one-docker-compose-fil;3;0;0
How can I get python-crontab to work in PyCharm?;/questions/56363782/how-can-i-get-python-crontab-to-work-in-pycharm;5;0;0
How to calculate month with fraction in Access VBA;/questions/56363431/how-to-calculate-month-with-fraction-in-access-vba;15;0;0
How to hide or cover a MS Access ActiveX Web Browser control?;/questions/56363772/how-to-hide-or-cover-a-ms-access-activex-web-browser-control;5;0;0
cgo: call a c-function that takes a c-struct that contains pointers;/questions/56363771/cgo-call-a-c-function-that-takes-a-c-struct-that-contains-pointers;4;0;0
Don't highlight HTML areas on editing CSS rules in Chrome;/questions/55538038/dont-highlight-html-areas-on-editing-css-rules-in-chrome;20;1;0
Promise don't resolve in catchError typescript;/questions/56363138/promise-dont-resolve-in-catcherror-typescript;12;2;0
Debugging firestore network requests from chrome dev tools;/questions/56363758/debugging-firestore-network-requests-from-chrome-dev-tools;3;0;0
The localStorage is not refreshing in Vuex;/questions/56363756/the-localstorage-is-not-refreshing-in-vuex;4;0;0
ToList()— Does it Create a New List?;/questions/2774099/tolist-does-it-create-a-new-list;94k;12;158
Unwanted shift in the histogram bins;/questions/56363754/unwanted-shift-in-the-histogram-bins;2;0;0
Woocommerce - List SKU before shop loop item title;/questions/56363746/woocommerce-list-sku-before-shop-loop-item-title;2;0;0
ASP.NET Core dataprotection - cannot share key when protected with certificate;/questions/56363744/asp-net-core-dataprotection-cannot-share-key-when-protected-with-certificate;4;0;0
hive + too many connection to PostgreSQL DB;/questions/56363736/hive-too-many-connection-to-postgresql-db;3;0;0
Record audio from MediaPlayer and Microphone while recording video from a Surface;/questions/56363735/record-audio-from-mediaplayer-and-microphone-while-recording-video-from-a-surfac;3;0;1
Re-plotting contour filled plot using a PatchCollection;/questions/56363589/re-plotting-contour-filled-plot-using-a-patchcollection;6;0;1
Tkinter Combobox accepting array as values;/questions/56363724/tkinter-combobox-accepting-array-as-values;3;0;0
Hermitian conjugate of a matrix with operators, Python, sympy;/questions/56363701/hermitian-conjugate-of-a-matrix-with-operators-python-sympy;3;0;0
Error while authenticating ckan using oauth2 server wso2 identity server;/questions/56363668/error-while-authenticating-ckan-using-oauth2-server-wso2-identity-server;2;0;0
How could I get [a,0,b,0,c,0] when I give [a,b,c]?;/questions/56363663/how-could-i-get-a-0-b-0-c-0-when-i-give-a-b-c;3;0;0
How can I send an email to google voice as a text?;/questions/56363652/how-can-i-send-an-email-to-google-voice-as-a-text;3;0;0
How to get current window pageYOffset in styled component?;/questions/56363644/how-to-get-current-window-pageyoffset-in-styled-component;10;0;1
Appstore API Invalid Vendor number;/questions/56363637/appstore-api-invalid-vendor-number;3;0;0
Workflow isnt triggering at the right event moment;/questions/56363635/workflow-isnt-triggering-at-the-right-event-moment;3;0;0
How to Restore Default Settings for Virtual Machine Network Adapter in Azure manage console;/questions/56363632/how-to-restore-default-settings-for-virtual-machine-network-adapter-in-azure-man;3;0;0
Get CVPixelBuffer (camera frame along with ar models) in a performant manner;/questions/56363631/get-cvpixelbuffer-camera-frame-along-with-ar-models-in-a-performant-manner;6;0;1
Bash for loop remove commas and redirect output to same file names;/questions/56363628/bash-for-loop-remove-commas-and-redirect-output-to-same-file-names;3;0;1
Express Handlebars: Missing helper - Although it is defined;/questions/56363622/express-handlebars-missing-helper-although-it-is-defined;2;0;0
Camera view different from the result image;/questions/56363585/camera-view-different-from-the-result-image;12;0;1
Working version of NGINX TCP api 6443 Kubernetes 1.14.2 load balancer;/questions/56363581/working-version-of-nginx-tcp-api-6443-kubernetes-1-14-2-load-balancer;5;0;1
Can I display ID-matched embedded data from a contact list as a link in Qualtrics survey?;/questions/56359027/can-i-display-id-matched-embedded-data-from-a-contact-list-as-a-link-in-qualtric;16;0;2
Spring jdbc 'select for update';/questions/56350833/spring-jdbc-select-for-update;51;0;4
Python unittest.mock: patched class method called but assertion fails;/questions/56363365/python-unittest-mock-patched-class-method-called-but-assertion-fails;10;0;1
Question on how to draw back-to-back plot using R and ggplot2;/questions/56357636/question-on-how-to-draw-back-to-back-plot-using-r-and-ggplot2;48;0;4
Individual column searching filter for js sourced data using DataTable.js with filter at the top;/questions/56363379/individual-column-searching-filter-for-js-sourced-data-using-datatable-js-with-f;9;0;1
Vee-Validation for unique email address;/questions/56363397/vee-validation-for-unique-email-address;8;0;1
Perf dynamic tracing Failed to add events;/questions/56363396/perf-dynamic-tracing-failed-to-add-events;4;0;1
Azure Function Detailed logging on Internal Server Error;/questions/56363387/azure-function-detailed-logging-on-internal-server-error;7;0;1
How can I fix Google Or-Tools solution problem when i use TimeWindows matrix?;/questions/56363364/how-can-i-fix-google-or-tools-solution-problem-when-i-use-timewindows-matrix;8;0;2
How to properly implement threading in a python app which has Couchbase as db;/questions/56362230/how-to-properly-implement-threading-in-a-python-app-which-has-couchbase-as-db;20;0;2
Getting information from XML document and comparing it;/questions/56362261/getting-information-from-xml-document-and-comparing-it;10;0;1
Swift zoom with scrollview not centered;/questions/56363341/swift-zoom-with-scrollview-not-centered;7;0;1
Weird fade transition that is not wanted with fullpage.js and midnight.js;/questions/56351335/weird-fade-transition-that-is-not-wanted-with-fullpage-js-and-midnight-js;11;1;2
When using HList with GADTs I am having to cast using asInstanceOf[H]. Is there a way to avoid the cast?;/questions/56362440/when-using-hlist-with-gadts-i-am-having-to-cast-using-asinstanceofh-is-there;16;0;3
